Riverside_Park,Location,Latitude,Longitude,Type
基隆河右岸,南湖橋,25.06353866,121.6114482,橋下休憩區
基隆河右岸,麥帥2橋,25.05690904,121.5723885,橋下休憩區
基隆河右岸,麥帥1橋,25.05298434,121.5736322,橋下休憩區
基隆河右岸,彩虹橋,25.05279863,121.5765842,橋下休憩區
基隆河右岸,成美橋,25.05451957,121.5825703,橋下休憩區
基隆河右岸,成功橋,25.05966988,121.5917817,橋下休憩區
基隆河右岸,關渡碼頭旁,25.12096725,121.4619724,高灘地休憩涼亭
基隆河右岸,貴子坑溪匯流口,25.11512998,121.4854455,自行車道堤頂休憩涼亭
基隆河右岸,下八仙抽水站下游,25.11595292,121.489178,自行車道堤頂休憩涼亭
基隆河右岸,大業二抽水站下游,25.11398882,121.4939889,自行車道堤頂休憩涼亭
基隆河右岸,洲美橋,25.10013434,121.4986972,橋下休憩區
基隆河右岸,百齡橋,25.08963888,121.5143867,橋下休憩區
基隆河右岸,承德橋,25.07842457,121.5212474,橋下休憩區
基隆河右岸,高速公路橋(圓山段),25.07458721,121.5272335,橋下休憩區
基隆河右岸,大直橋,25.07711246,121.5443169,橋下休憩區
基隆河右岸,環山放流水路旁,25.0748843,121.5619198,高灘地休憩涼亭
基隆河右岸,民權橋,25.06426288,121.5705572,橋下休憩區
基隆河左岸,新生抽水站上游,25.07439713,121.5300589,自行車道堤頂休憩涼亭
基隆河左岸,希望噴泉旁,25.07450689,121.5355364,自行車道堤頂休憩涼亭
基隆河左岸,基9門前,25.07393613,121.5379116,自行車道堤頂休憩涼亭
基隆河左岸,基8門前,25.07398003,121.539487,自行車道堤頂休憩涼亭
基隆河左岸,大直橋,25.07384832,121.5443343,橋下休憩區
基隆河左岸,高速公路橋(內湖段),25.07114812,121.5691767,橋下休憩區
基隆河左岸,麥帥2橋,25.05509941,121.570437,橋下休憩區
基隆河左岸,麥帥1橋,25.05163033,121.5711156,橋下休憩區
基隆河左岸,彩虹橋,25.05165228,121.5767143,橋下休憩區
基隆河左岸,成功橋,25.05856839,121.5923711,橋下休憩區
基隆河左岸,南湖橋,25.06267396,121.612342,橋下休憩區
基隆河左岸,百齡橋,25.08850077,121.5127541,橋下休憩區
基隆河左岸,承德橋,25.0773497,121.5208854,橋下休憩區
基隆河左岸,新舊防潮堤濕地3,25.11338944,121.4880813,自行車道堤頂休憩涼亭
基隆河左岸,新舊防潮堤濕地2,25.11316999,121.4903595,自行車道堤頂休憩涼亭
基隆河左岸,新舊防潮堤濕地1,25.11279691,121.491232,自行車道堤頂休憩涼亭
基隆河左岸,社子大橋,25.11084374,121.4947221,橋下休憩區
基隆河左岸,新舊防潮堤,25.09413079,121.5027807,自行車道堤頂休憩涼亭
基隆河左岸,社子島頭,25.10935141,121.4662199,自行車道堤頂休憩涼亭
淡水河右岸,臺北橋,25.06339846,121.508549,橋下休憩區
淡水河右岸,大稻埕碼頭,25.05626307,121.5074826,橋下休憩區
淡水河右岸,忠孝橋,25.04963227,121.5049135,橋下休憩區
淡水河右岸,重陽橋,25.08561432,121.5052286,橋下休憩區
淡水河右岸,迪化跨堤平台,25.0754728,121.5084036,高灘地休憩涼亭
淡水河右岸,延平北路7段177巷底,25.09773036,121.4920682,自行車道堤頂休憩涼亭
淡水河右岸,快樂休息站,25.0926602,121.497788,自行車道堤頂休憩涼亭
淡水河右岸,延平北路8段213巷底,25.1028003,121.4832097,自行車道堤頂休憩涼亭
淡水河右岸,延平北路7段213巷底,25.10165903,121.4859242,自行車道堤頂休憩涼亭
淡水河右岸,社6濕地,25.10673704,121.4709491,自行車道堤頂休憩涼亭
淡水河右岸,延平北路9段124巷底,25.10605395,121.4727304,自行車道堤頂休憩涼亭
淡水河右岸,社6濕地下游,25.10752163,121.4692464,自行車道堤頂休憩涼亭
景美溪右岸,恆光橋下游,24.98162023,121.5660147,堤頂休憩涼亭
景美溪右岸,道南橋上游,24.98865537,121.5710129,堤頂休憩涼亭
景美溪右岸,恆光橋上游,24.98212258,121.5687546,堤頂休憩涼亭
景美溪右岸,環快橋下,24.99604577,121.5355728,橋下休憩區
景美溪右岸,北新橋,24.98813758,121.539693,橋下休憩區
景美溪右岸,景美橋,24.98815955,121.5408079,橋下休憩區
景美溪右岸,景美溪橋,24.9867536,121.5451462,橋下休憩區
景美溪右岸,寶橋,24.97989935,121.5536532,橋下休憩區
景美溪右岸,恆光橋,24.98117356,121.5673469,橋下休憩區
景美溪右岸,萬壽橋,24.99167436,121.5715883,橋下休憩區
景美溪左岸,道南橋下游,24.98558581,121.5731417,堤頂休憩涼亭
景美溪左岸,道南橋上游,24.98953405,121.5724416,堤頂休憩涼亭
景美溪左岸,恆光橋下游,24.980531,121.5652282,堤頂休憩涼亭
景美溪左岸,道南橋,24.98802774,121.5726547,橋下休憩區
景美溪左岸,萬壽橋,24.9917183,121.5723638,橋下休憩區
新店溪右岸,永福橋,25.0114433,121.527914,橋下休憩區
新店溪右岸,福和橋,25.00885155,121.5323251,橋下休憩區
新店溪右岸,古亭抽水站上游,25.01596774,121.5249572,高灘地休憩涼亭
新店溪右岸,華江橋,25.03553514,121.4901777,橋下休憩區
新店溪右岸,光復橋,25.02413767,121.4903474,橋下休憩區
新店溪右岸,華中橋,25.01175079,121.4954613,橋下休憩區
新店溪右岸,華中露營場,25.01412284,121.4973517,高灘地休憩涼亭
新店溪右岸,馬場町,25.01959157,121.5054952,高灘地休憩涼亭
新店溪右岸,中正橋,25.02151325,121.5165592,橋下休憩區
雙溪右岸,雙溪橋,25.09865218,121.5129843,橋下休憩區
雙溪右岸,文昌橋,25.09950815,121.5201341,橋下休憩區
雙溪右岸,士林橋,25.09931062,121.5234545,橋下休憩區
雙溪右岸,福林橋,25.10060555,121.5265568,橋下休憩區
雙溪右岸,雨農橋,25.10097866,121.5327856,橋下休憩區
雙溪右岸,復興橋,25.10038607,121.5372208,橋下休憩區
雙溪左岸,文昌橋,25.09873997,121.5201583,橋下休憩區
雙溪左岸,士林橋,25.09871803,121.5236241,橋下休憩區
雙溪左岸,福林橋,25.09981542,121.5268476,橋下休憩區
雙溪左岸,雨農橋,25.10036412,121.5327371,橋下休憩區
雙溪左岸,復興橋,25.09981542,121.5368573,橋下休憩區
